{"cameraMode":{"drawMode":0,"name":"Shaded","section":"Shading Mode"},"sceneLighting":false,"audioPlay":false,"sceneViewState":{"m_AlwaysRefresh":true,"showFog":true,"showSkybox":false,"showFlares":true,"showImageEffects":true,"showParticleSystems":true,"showVisualEffectGraphs":true,"m_FxEnabled":true},"in2DMode":false,"pivot":{"x":1.1836193799972535,"y":-0.052267298102378848,"z":0.028128132224082948},"rotation":{"x":-0.009213748387992382,"y":-0.6637994647026062,"z":0.008161208592355252,"w":-0.7478086352348328},"size":0.8905913233757019,"orthographic":false}